index,3.0,3.12,3.24,3.37,3.49,3.61,3.73,3.86,3.98,4.1,4.22,4.35,4.47,4.59,4.71,4.84,4.96,5.08,5.2,5.33,5.45,5.57,5.69,5.82,5.94,6.06,6.18,6.31,6.43,6.55,6.67,6.8,6.92,7.04,7.16,7.29,7.41,7.53,7.65,7.78,7.9,8.02,8.14,8.27,8.39,8.51,8.63,8.76,8.88,9.0
1.0,-0.06101880628424634,-0.059854452557087,-0.058676963248259315,-0.05748926157670187,-0.05635905807031675,-0.055291689599917516,-0.05421917796580831,-0.053143687930776375,-0.05206731904420849,-0.05099209942766749,-0.04991998013652275,-0.048852830108269046,-0.04779243170458503,-0.04674047685061718,-0.04569856377035005,-0.044827751344333276,-0.04397315746844224,-0.04312902875707865,-0.0422962257726919,-0.041475389589241705,-0.04066754145109527,-0.03987302733930999,-0.039092168596080425,-0.038325877035834836,-0.0375743152089686,-0.0368377789986306,-0.03611648556644818,-0.03541057520685447,-0.03472014374108374,-0.03404521017422624,-0.03338572132190763,-0.032741630218,-0.03221943667825083,-0.03176142904267566,-0.03131533936650712,-0.030880763492834126,-0.030457264645240033,-0.030044391499262538,-0.029641662645839995,-0.029248599942721835,-0.028864708710926147,-0.02848952043294593,-0.028122495102097,-0.02776318802459845,-0.027411104067469168,-0.027065834783145167,-0.026726682060184397,-0.026393415662831664,-0.02606557393584115,-0.025742712402712965
1.29,-0.10221872584873208,-0.10022317937747283,-0.09820736394743433,-0.09617610256269349,-0.09426269583226722,-0.09244017400867868,-0.09061054328663672,-0.08877751107128184,-0.08694465929899495,-0.08511541112562565,-0.08329308962290216,-0.08148083785632639,-0.0796816308605448,-0.07789832199572311,-0.07614758436368774,-0.0746856001611763,-0.0732407453061366,-0.07181455059867667,-0.07040845537681642,-0.06902368014508235,-0.06766065137777309,-0.06632185749924605,-0.06500724018647727,-0.06371751486943017,-0.062453262461759834,-0.06121515876006166,-0.060002992056209466,-0.05881725937227904,-0.057658055386776555,-0.05652541944128827,-0.05541927643584576,-0.05433935321369532,-0.05349530390176644,-0.052729445187973255,-0.05198365738301026,-0.0512574212265425,-0.050549717732712225,-0.049859841484963155,-0.04918697668657197,-0.04853029333442735,-0.047888954768297194,-0.0472621223943685,-0.046648004792435395,-0.04604782452535014,-0.045459734625754714,-0.044882956514841914,-0.04431669469364778,-0.04376024933820085,-0.043212887986189386,-0.04267392710128551
1.57,-0.15538706304272887,-0.152262866790495,-0.14911079870797792,-0.1459388586674009,-0.1429883379747578,-0.1401488467874812,-0.13730177614143307,-0.13445290566271986,-0.1316077695101434,-0.12877165924911482,-0.12594964574252815,-0.12314653517938631,-0.12036770093049608,-0.11761598423551506,-0.11496092502181324,-0.11271072123954545,-0.11048907672801783,-0.10829823901929025,-0.10614020516252745,-0.10401678168441453,-0.10192954542223294,-0.09987981901134396,-0.09786873946181843,-0.09589722813197298,-0.0939660101915228,-0.09207564928206188,-0.09022649851060728,-0.08841877187352983,-0.0866525058778982,-0.08492765535851662,-0.08324392743235336,-0.08160102886304783,-0.08037688977360545,-0.07921562466645327,-0.07808506367633163,-0.07698415364004173,-0.07591168833333252,-0.07486643388271329,-0.07384713034070152,-0.0728524956202747,-0.07188124964255573,-0.0709321038394741,-0.07000378277379725,-0.06909560100975799,-0.06820524414179507,-0.06733192407487973,-0.06647411199456944,-0.06563185785124408,-0.06480338255710794,-0.06398773114626448
1.86,-0.22188840773058022,-0.21725722506033382,-0.21259308337245705,-0.20790788879633548,-0.20361541345298095,-0.1994337266070472,-0.195247686064547,-0.1910657723884207,-0.1868952556722754,-0.1827455219652971,-0.17862283783094857,-0.17453403127232794,-0.17048551194481049,-0.1664832605284054,-0.16271197942278773,-0.15944998239573754,-0.15623315646755565,-0.15306456003363314,-0.14994689947694445,-0.14688255162633101,-0.14387355419712888,-0.14092162950079215,-0.1380281989810328,-0.13519438898423092,-0.13242104996250756,-0.1297087690949554,-0.1270578881751823,-0.12446851555468674,-0.12194054699715148,-0.11947367134165224,-0.11706739971133395,-0.11477685809522,-0.11307877730128608,-0.11142663693838382,-0.10981880803522999,-0.10825358389863825,-0.10672919344847749,-0.10524381834063598,-0.10379560543223718,-0.10238268443724066,-0.10100318115296762,-0.09965523335759295,-0.09833699279442285,-0.09704665144914729,-0.09578244266992293,-0.09454265315335597,-0.09332563293094702,-0.09212979476882927,-0.09095363294723023,-0.08979572054125592
2.14,-0.3036755740418119,-0.2970351667559912,-0.2903632265685131,-0.28367700189704553,-0.27765551593409016,-0.27171181322732985,-0.26577447124572773,-0.2598553451820664,-0.2539655648938999,-0.24811562964010905,-0.24231542448262275,-0.23657415155597586,-0.23090038018867107,-0.2253020181709722,-0.2201671847513319,-0.21562388148674067,-0.21115011546571325,-0.20674979067687527,-0.20242621516211717,-0.19818223554931294,-0.19402031024304003,-0.18994239571690044,-0.18595006762536168,-0.18204448471568987,-0.17822646985125665,-0.17449646809457744,-0.17085462341961827,-0.16730076621568604,-0.16383445630925159,-0.16045500514970004,-0.15716143851127817,-0.15419073557247817,-0.1518785166651814,-0.14962981358322164,-0.14744224704400608,-0.145313362742361,-0.14324063951003393,-0.14122148556004627,-0.13925329806238812,-0.13733345351609,-0.1354593382703659,-0.1336283648499669,-0.13183800563734172,-0.13008570817766307,-0.12836907110761028,-0.12668578303954522,-0.12503352214243088,-0.1234101662219171,-0.1218136598011468,-0.12024209429552568
2.43,-0.4035762570989566,-0.3942260009161104,-0.38486111663695166,-0.3755352429300313,-0.3672483946570339,-0.35897636734112437,-0.3507360158618533,-0.3425478536836551,-0.3344172532920278,-0.32636269041095545,-0.31839696001902684,-0.310531856782271,-0.30277818996411004,-0.2951458195416869,-0.28835535092250175,-0.28219673870116624,-0.276143508364396,-0.27020004676720966,-0.26437008884642005,-0.2586567423407478,-0.25306252959783426,-0.24758940610832822,-0.24223880615524943,-0.23701166605854637,-0.23190845914517108,-0.22692921717681458,-0.22207359965377232,-0.21734086618521548,-0.21272994948446194,-0.20823947073299448,-0.20386776870539497,-0.2001801507122245,-0.19713079348681356,-0.19416643199176514,-0.1912837397105179,-0.1884793014515928,-0.18574963288473972,-0.18309120494071235,-0.1805004750364282,-0.177973903830393,-0.17550797965500703,-0.1730992394071071,-0.17074428801057936,-0.16843981255091664,-0.16618260295682036,-0.16396956131518797,-0.16179771846667945,-0.15966424250430997,-0.15756644795489025,-0.15550180377560113
2.71,-0.5258292435165173,-0.5127350426229437,-0.49967734543808806,-0.48694396886374164,-0.47548258762968315,-0.4640841885091621,-0.45277075803304184,-0.44156260302438466,-0.43047840158653333,-0.4195352311787068,-0.40874862877506507,-0.39813264163792816,-0.3876998841735384,-0.37746158965101806,-0.3686478299656674,-0.3604464207725417,-0.3524035884456647,-0.3445237484844761,-0.33681047664250563,-0.3292665694502423,-0.3218940893530319,-0.3146944070926477,-0.3076682612808477,-0.3008157870859381,-0.29413657680468175,-0.2876297140738214,-0.2812938166435104,-0.27512707563920924,-0.26912509906108234,-0.2632901244236941,-0.2576167718524679,-0.25319842824984895,-0.24927073055134008,-0.24545450221832582,-0.24174516630348497,-0.23813805979519337,-0.23462846468270954,-0.23121163802264788,-0.22788284087507119,-0.2246373659695422,-0.22147056395802966,-0.2183778681040962,-0.21535481730897194,-0.2123970773254461,-0.20950046006109432,-0.20666094088419446,-0.20387467386843464,-0.20113800493336162,-0.1984474828630621,-0.19579986821110976
3.0,-0.6770866221464901,-0.6586181479395778,-0.6403146959716908,-0.6228366338425275,-0.6069543677757193,-0.5912400434304329,-0.5757202582764878,-0.5604189333036544,-0.54535745173775,-0.5305547994960452,-0.5160277042701795,-0.5017907719702887,-0.4878566197538841,-0.4742360033484575,-0.4629091834876877,-0.4521028492238363,-0.4415349065593412,-0.4312086348001895,-0.4211263282859875,-0.4112893691661462,-0.40169829636518584,-0.3923528709908502,-0.3832521384309731,-0.3743944873883891,-0.3657777061343811,-0.35739903612935253,-0.34925522294144085,-0.34134256538532404,-0.333656962447166,-0.3261939582716898,-0.3189487853460948,-0.31382874378426884,-0.30885949434593996,-0.30403376116393577,-0.29934534819391995,-0.2947880094329845,-0.2903554825950495,-0.28604152183774634,-0.2818399294020147,-0.277744586003593,-0.2737494798050778,-0.26984873378870855,-0.26603663135045574,-0.2623076399455591,-0.2586564326256417,-0.25507790733000213,-0.25156720381553366,-0.24811971813865463,-0.24473111463377584,-0.24139733536388644
3.29,-0.8685970870482937,-0.8419344212580631,-0.8157544051380474,-0.791225460084401,-0.7689110737781528,-0.7469924874469904,-0.7254957583810809,-0.704443032480905,-0.6838528955641164,-0.6637406989981146,-0.6441188596356324,-0.6249971351235705,-0.6063828759871178,-0.5882812540441122,-0.573699549889593,-0.5595286135587229,-0.5457177403590865,-0.5322666363284193,-0.5191740138396492,-0.5064376815480511,-0.49405462701746394,-0.4820210929633282,-0.47033264789847934,-0.45898425156852823,-0.4479703163960347,-0.43728476512395353,-0.42692108516089444,-0.4168723800324128,-0.4071314182762621,-0.39769068006420183,-0.38919010860127623,-0.382796726958628,-0.37659373129890233,-0.37057290086475536,-0.3647260008873798,-0.3590448159569545,-0.3535211830088187,-0.3481470238007035,-0.3429143767139375,-0.33781542767489214,-0.3328425399661963,-0.327988282679916,-0.32324545755679146,-0.3186071239572239,-0.3140666217214394,-0.3096175916944725,-0.30525399371263734,-0.30097012190345857,-0.29676061717219926,-0.29262047677858694
3.57,-1.1215117354293842,-1.0811116874485542,-1.0420426619977643,-1.0058687118308383,-0.9735621559359118,-0.9421712779448614,-0.9116989823389885,-0.8821443697659171,-0.8535033273615374,-0.8257690324221897,-0.7989323821632335,-0.7729823581737519,-0.7479063381455,-0.7237958627616456,-0.704641197101418,-0.6860428761925874,-0.6679931177012159,-0.6504834284892816,-0.6335046856286222,-0.6170472076363709,-0.6011008187362646,-0.585654907122772,-0.5706984782597505,-0.5562202041153046,-0.54220846907245,-0.5286514131256487,-0.5155369730399386,-0.5028529212813968,-0.4905869035495883,-0.4787264754457512,-0.46892763149011085,-0.4610231021519374,-0.4533576919969651,-0.44592059384776656,-0.43870110012593316,-0.43168862962604393,-0.4248727550877897,-0.41824323137098296,-0.41179002396948294,-0.4055033375605276,-0.39937364424112803,-0.39339171108341997,-0.3875486266204385,-0.38183582587480186,-0.3762451135523271,-0.3707686850424738,-0.3653991448998646,-0.36012952252265956,-0.3549532847945758,-0.3498643455102107
3.86,-1.483141794256729,-1.4156277064403733,-1.3521909197156292,-1.293020875035568,-1.2436133144561177,-1.1964230731130363,-1.15133837197966,-1.1082548497304818,-1.0670750682893326,-1.0277080027463041,-0.9900685379942803,-0.9540769866975645,-0.9196586346480816,-0.8867433178759184,-0.8609830437395137,-0.8364280641754381,-0.8127165183832437,-0.7898237738623896,-0.7677256101515448,-0.7463981981598151,-0.7258180827078949,-0.7059621681534619,-0.6868077072003111,-0.6683322920177567,-0.6505138483178653,-0.6333306321105744,-0.6167612289431582,-0.600784555501157,-0.5853798634447871,-0.5705267453481212,-0.5593819444955661,-0.5496834986827381,-0.5402811665318359,-0.5311612227483786,-0.5223101828223384,-0.5137148181591187,-0.5053621740746361,-0.49723959031782855,-0.4893347236506806,-0.4816355719833161,-0.4741304995214036,-0.46680826235796563,-0.45965803392549826,-0.4526694297219019,-0.4458325307368885,-0.43913790503166816,-0.43257662696371163,-0.42614029360350064,-0.41982103795100495,-0.4136115386352634
4.14,-2.0980167039989293,-1.9565265248499877,-1.8323786657598946,-1.7221493059546444,-1.626886333953094,-1.5499085079675605,-1.4781477535919312,-1.4111318889201505,-1.348432500000022,-1.2896670104858075,-1.234496290119945,-1.1826205054955368,-1.1337745168275446,-1.087723425767988,-1.050495845443319,-1.0177549791365317,-0.9863076240350972,-0.9561049446543559,-0.9270992053705936,-0.899243917785332,-0.8724939277594853,-0.8468054582338504,-0.8221361205963107,-0.7984449042497787,-0.7756921516060762,-0.7538395238920643,-0.7328499619891728,-0.7126876443785168,-0.6933179451730748,-0.6747073937598975,-0.6621234899254811,-0.6502939685097249,-0.6388240857525394,-0.6276974886667865,-0.6168981444876097,-0.6064103493223312,-0.5962187416647079,-0.5863083201797544,-0.5766644650968468,-0.5672729625116503,-0.5581200308568306,-0.5491923487670523,-0.5404770835534258,-0.5319619194972087,-0.5236350851826903,-0.5154853791246912,-0.5075021929887464,-0.4996755317642036,-0.49199603033149314,-0.48445496595165627
4.43,-3.966308565532832,-3.332269262259224,-2.8149848495085052,-2.5323840094515377,-2.2988022221349076,-2.1071537356732395,-1.965464217960965,-1.8519247645396928,-1.747883383018704,-1.6527981920513939,-1.5658210606059275,-1.4860680330469958,-1.412720642012707,-1.3450561023578118,-1.2844615722520907,-1.2404951098233483,-1.1983812407189474,-1.1580831712213007,-1.1195494898691953,-1.0827196825192396,-1.0475280078051066,-1.0139061934238507,-0.9817852891854807,-0.9510969197976937,-0.9217741127839947,-0.8937518265671887,-0.8669672680182887,-0.8413600651441084,-0.8168723401643384,-0.7939757572606133,-0.7791824695222889,-0.7648282057791852,-0.7508962330114716,-0.7373697909159771,-0.7242321434658429,-0.7114666309577137,-0.6990567226950409,-0.6869860703003214,-0.6752385614918339,-0.6637983740301201,-0.6526500294088867,-0.6417784458093423,-0.6311689896218959,-0.6208075248918017,-0.6106804601439919,-0.6007747917428129,-0.5910781431342526,-0.5815787993296423,-0.5722657360468907,-0.5631286430198873
4.71,-2.095788922143385,-2.31893737113678,-2.6196888878523645,-3.0701477011257063,-3.789844309324481,-3.469832861583227,-2.9366311012579103,-2.609007643059502,-2.3524582305957096,-2.2026275701625924,-2.057125675187587,-1.9237116795523623,-1.8036477219666025,-1.69599235685809,-1.5992535867880397,-1.518128911216316,-1.4624602388938093,-1.4087151402582587,-1.3571355538844674,-1.3078329568857388,-1.2608325027633942,-1.2161037795658445,-1.1735818223823313,-1.1331812593929969,-1.0948057163256342,-1.0583539874918795,-1.023724016091856,-0.9908154051172348,-0.9595309453908069,-0.930950734732996,-0.913175137681951,-0.8958681122748716,-0.8790221945329598,-0.8626279655832532,-0.8466743853117726,-0.8311490898486058,-0.8160386575623614,-0.8013288476421243,-0.7870048147800881,-0.7730513028774446,-0.7594528201977366,-0.7461937978822913,-0.7332587333426459,-0.7206323197159242,-0.7082995620035938,-0.6962458806681588,-0.6844572031129845,-0.6729200431701604,-0.6616215688087865,-0.6505496582027669
5.0,-1.5185036282292426,-1.6351420545771886,-1.7708696205621788,-1.9323755674372018,-2.1307928949142183,-2.386600175510946,-2.7431579454942097,-3.305652175294663,-3.8121469127297143,-3.159035685507732,-2.8098019126254483,-2.5657544661563194,-2.4000622290660787,-2.222753945487151,-2.0595810140395967,-1.9155401011608493,-1.7892996256803824,-1.7219531284035772,-1.655967681972109,-1.59090080912255,-1.5278741731858287,-1.4675064284283605,-1.4100895798623132,-1.3557122346458728,-1.3043411082392873,-1.255873183883639,-1.2101683639224647,-1.1670695388726664,-1.1264146805474413,-1.0883709161629154,-1.0673728591728324,-1.0467543728692204,-1.0265455659666796,-1.006767729082945,-0.987434671511347,-0.9685539085049816,-0.9501277070444619,-0.932154001383369,-0.9146271911473107,-0.8975388349703324,-0.8808782521026719,-0.8646330434269436,-0.8487895420979056,-0.833333202743403,-0.8182489369052384,-0.8035214012511027,-0.7891352440512736,-0.7750753145213841,-0.7613268388888677,-0.7478755664325689
5.29,-1.1915141357233685,-1.274833354916523,-1.3676809040781666,-1.472103325035854,-1.5909668985558512,-1.7284551037344025,-1.8910060617472713,-2.0892464230108194,-2.3424767895333334,-2.690688935641066,-3.2273271199361986,-3.7753001149264698,-3.215527798217407,-2.853143873968808,-2.7263397652889685,-2.535634594681236,-2.3243626653529024,-2.1355042990792477,-2.011673352395912,-1.943915819420851,-1.8678552090696945,-1.789241970241856,-1.7116464935141862,-1.6370309785692143,-1.5663333720068882,-1.499891720520612,-1.4377131960344154,-1.379633524634693,-1.3254079062963802,-1.2747614134092367,-1.2453987598468512,-1.2215495778250558,-1.1977767667994406,-1.1741996795492549,-1.1509124112872728,-1.1279873750001614,-1.1054786343767455,-1.0834249152600601,-1.0618522666073587,-1.0407763736932727,-1.0202045448102206,-1.000137402135414,-0.9805703109269535,-0.9614945810682786,-0.9428984727652899,-0.924768034988029,-0.9070878016506151,-0.8898413669943079,-0.8730118583640477,-0.8565823216569378
5.57,-0.9710469442471027,-1.037871545746273,-1.1112301646570477,-1.1917010621941353,-1.2805155018882284,-1.3793080686958583,-1.4903109870615021,-1.6166805199402041,-1.7630787945009225,-1.936790831943884,-2.150080848755956,-2.4257882791735232,-2.8123285643869487,-3.4073774317405614,-3.6119191043378316,-3.144420716030202,-2.9058525872183125,-2.810890715634164,-2.571359491116943,-2.3361569897989467,-2.2438101925513,-2.185434144160845,-2.100849579177983,-2.0049945134561264,-1.9076432244609944,-1.8138980968012435,-1.7259480246190007,-1.6444431946962936,-1.569299125427403,-1.500115494704165,-1.4493020012182778,-1.4239837234945214,-1.39757370964732,-1.37047114224382,-1.343007260028986,-1.315450172904713,-1.2880118597840995,-1.260855977732235,-1.2341055988486345,-1.2078503699727667,-1.1821528524082567,-1.157053970405413,-1.1325775951956178,-1.108734342557806,-1.085524682987954,-1.062941466694534,-1.0409719592218951,-1.0195994726967816,-0.9988046654999811,-0.978566571327511
5.86,-0.8938464613820867,-0.8813697234101151,-0.930438719478467,-0.997843258158813,-1.0710078087732506,-1.1507786579382222,-1.238242521687627,-1.3348250881495787,-1.4424454390590873,-1.5637688828971945,-1.7026434895002838,-1.864904650472514,-2.0599836550178,-2.3044650618517073,-2.6308739977592914,-3.108022171146608,-3.677526899302441,-3.2584463582872654,-2.9177690510889884,-2.9548360332683514,-2.7453594025912884,-2.4837588220790647,-2.4646023186253028,-2.4391338022139264,-2.3508747226833426,-2.232272405250626,-2.107678706144435,-1.9887333573537085,-1.8794403431433393,-1.7804151221391038,-1.6910039978544666,-1.65198195933063,-1.6279989097153047,-1.6005322952377206,-1.5705215894178588,-1.5387873385546595,-1.5060132486318523,-1.4727474828857188,-1.4394151911437874,-1.406336115156991,-1.3737432416505997,-1.3418002438441146,-1.3106166756298776,-1.2802606305296622,-1.2507689787152856,-1.2221554761202822,-1.1944170936357206,-1.167538902985578,-1.1414978156453353,-1.1162654223288153
6.14,-0.8227423741777704,-0.8038996286388891,-0.7982154324802901,-0.8564479975696383,-0.9200934709561335,-0.9886467067360212,-1.0627396345580515,-1.143165492527354,-1.2309373977934857,-1.327375948255284,-1.434244877722527,-1.5539699526850934,-1.6900100782259138,-1.8475254090629307,-2.0346720431864522,-2.2653445207819454,-2.565556724883506,-2.9877176019885745,-3.557282903640211,-3.415770146177338,-2.9900910232420728,-2.93918837194561,-2.7924227861070636,-2.5452625526751174,-2.6244715331382484,-2.660353505618381,-2.5818318460459984,-2.4392650496627657,-2.283843221611467,-2.1380731505797343,-2.0077063297309956,-1.8925150820676928,-1.8725402150870476,-1.858040325012829,-1.8347343448177795,-1.8044534695462353,-1.7690576450950284,-1.7302272930646299,-1.6893587720959353,-1.6475414225963836,-1.6055831788098303,-1.5640572417655623,-1.523352480247047,-1.4837188872107148,-1.4453049705641237,-1.4081868854573645,-1.3723903671161286,-1.3379068723716283,-1.3047052721641295,-1.272740220384593
6.43,-0.7949307883006843,-0.7740577765954674,-0.7541279951789734,-0.7513506645161944,-0.8086563356361893,-0.8698780332449726,-0.935424641227922,-1.0057946583854482,-1.0816035869019727,-1.1636225633363821,-1.2528342241215593,-1.3505158543743585,-1.4583673757758688,-1.57871631645887,-1.7148619218803138,-1.8716865737788098,-2.0568187818350276,-2.283027707364781,-2.5735268778264393,-2.9725505848423985,-3.501898440414438,-3.4735565715238947,-2.985291976973691,-2.839221143809139,-2.728499209659263,-2.521327833373358,-2.6564884515896345,-2.7395202529156184,-2.6891509193615457,-2.5470580895885067,-2.381179144781522,-2.2243026430011454,-2.0848218157455234,-2.0825958663380404,-2.0971120655394757,-2.0935676775552774,-2.073367275571506,-2.0395534617235773,-1.9958567245346783,-1.9458406043126868,-1.8924244999551538,-1.8377607937739515,-1.7833159044393354,-1.7300230136579249,-1.678433379379672,-1.6288388240858553,-1.5813616347140917,-1.5360170359547773,-1.4927551972968034,-1.4514888730987974
6.71,-0.7478866328203785,-0.7317111182821545,-0.7161407045107461,-0.7011801208788466,-0.7265627286226953,-0.7826727946975256,-0.8423450879064545,-0.9059181657750738,-0.9738002651065757,-1.04648913534713,-1.124599394604716,-1.2089010840936933,-1.3003753587404796,-1.4002972475152493,-1.5103627659171435,-1.632891840700143,-1.7711673948941393,-1.9300333819369153,-2.1170180970954346,-2.3445918584009116,-2.6348863947194756,-3.026932610694985,-3.5139341930112695,-3.4718946473370718,-3.0192547384882538,-2.7156526329108504,-2.6146580235163173,-2.4463683935553626,-2.56269128426064,-2.6345504578311965,-2.6063587381240247,-2.4999511306270774,-2.3623869574640906,-2.2238716954587185,-2.206111268648186,-2.2739017352442357,-2.3206924763705468,-2.3400808116314264,-2.330060849680376,-2.2941367094716156,-2.239402653631649,-2.1734595241708874,-2.102412132007981,-2.030374745062498,-1.9597979825338256,-1.8919861507848879,-1.8275313246979772,-1.7665618008712747,-1.7091480290507806,-1.6550478460352325
7.0,-0.7293118777248234,-0.7023745606161667,-0.6769211600925094,-0.6551700841210475,-0.6679300166754878,-0.7203216820484605,-0.7757600491478251,-0.834487244200107,-0.8967901271532009,-0.9630115650494111,-1.0335654490040216,-1.1089570368837325,-1.1898110365628949,-1.276911217130591,-1.3712576647075676,-1.4741519030393362,-1.5873276256184916,-1.7131592098735948,-1.855009261947269,-2.017838018213423,-2.2107079663976905,-2.444954670756374,-2.7401394353890063,-3.1293906828632707,-3.5570757633752037,-3.442962916373659,-3.0345375115654782,-2.7208127312247092,-2.4934284904518074,-2.35526932462421,-2.4140844443969,-2.4540555411686547,-2.4321543050953607,-2.360622511221622,-2.2626476845885435,-2.176095150940726,-2.279932662722676,-2.377349815266582,-2.458290186630676,-2.5101895468708992,-2.523077738205787,-2.4959333100723486,-2.4369900405581237,-2.3597114356262217,-2.274314424431422,-2.1877138544179795,-2.1036547495952753,-2.023868955139684,-1.9489686347459392,-1.8789785771920815
7.29,-0.7207694219915708,-0.695427683202147,-0.6714195550734771,-0.6486762581724693,-0.6291897872789624,-0.6788016515537882,-0.7310924604008499,-0.7862414518212296,-0.8444580773910902,-0.9059888661676454,-0.9711263759440346,-1.040220761998354,-1.1136956119414665,-1.1920690078850469,-1.2759828742460064,-1.3662443858830724,-1.463885899036468,-1.570254136207917,-1.6875040465076454,-1.8188932097907013,-1.9671429255136497,-2.137462763366371,-2.3377350519038025,-2.580081104783898,-2.881229376626155,-3.2598915741611942,-3.5947651487322916,-3.4069374874698486,-3.0438482281884935,-2.760152422288721,-2.5462462435588127,-2.37911365850136,-2.2631171047940817,-2.2794005972797384,-2.258779572122256,-2.208448716674834,-2.1399629591478155,-2.1416309236739943,-2.2401997751503013,-2.334950231710024,-2.418580612368451,-2.481156454724292,-2.5127283600635972,-2.5081752137583604,-2.4705209590186823,-2.408874010555507,-2.333517899284137,-2.252536727973803,-2.1710794689193307,-2.0919784277194178
7.57,-0.698794815957446,-0.6760063339077119,-0.654319044664618,-0.6336924313556064,-0.6140864481763476,-0.6556899689534893,-0.7055979502922227,-0.758047141773856,-0.8131941969056785,-0.8712212321354358,-0.9323413944335032,-0.9968060164639035,-1.0649138994592793,-1.1370235445052026,-1.2135694841336109,-1.2950844891207278,-1.3822302936274868,-1.4762813250130178,-1.5786926809369184,-1.690311865489128,-1.8130658992932336,-1.9495883568630161,-2.1035748191737422,-2.2803450167298327,-2.487649045549872,-2.7361756924874134,-3.0345572392157703,-3.393573806213597,-3.6079862259091353,-3.380452096513359,-3.0621205831832157,-2.8081662993320005,-2.611742938945278,-2.4556612509752984,-2.3280435743490724,-2.2212024914613275,-2.1300338051198247,-2.0757113818984703,-2.026356709139379,-2.0490904340433715,-2.126412444168045,-2.199056200879693,-2.262901506059309,-2.312994724993574,-2.344495068759353,-2.3542090296739375,-2.3418389607120793,-2.3101589206603577,-2.2638130165071533,-2.2078057383740792
7.86,-0.6658234104036835,-0.6461755833178289,-0.6273719490575306,-0.6093986036760681,-0.6037363311162307,-0.6496338823210379,-0.6977273044848916,-0.7481202084559937,-0.8009311455012823,-0.8562964880433329,-0.9143740272189352,-0.9753474983315693,-1.039432338418641,-1.1068830753902366,-1.1780029491683308,-1.2531565789176802,-1.3332519120349013,-1.4190039249939013,-1.5106623701715027,-1.6091174324711008,-1.7155085616886188,-1.8313190046441534,-1.9585169038779744,-2.0997637888061824,-2.2587178467370643,-2.4404222504361788,-2.65151027790226,-2.8984593634985214,-3.18344146324099,-3.5036250785687417,-3.6051219732356627,-3.3768675180453838,-3.10055266002301,-2.8737113942494337,-2.6935118698320393,-2.5476933660150127,-2.426907470889866,-2.3247559309604,-2.2368351599565206,-2.1600320646935347,-2.0920807351857302,-2.0312870856112726,-1.9942991776660584,-2.0467662542736536,-2.0926088238313287,-2.1296184109816867,-2.15572531196193,-2.1694022901254404,-2.1700314467362722,-2.158068666976824
8.14,-0.6645062930215869,-0.6371263524937469,-0.6112111143723824,-0.5866728719080376,-0.6154003594122787,-0.6600940300681304,-0.7068183900952726,-0.7556524615760338,-0.8066858403769473,-0.860020605313579,-0.9157736644385057,-0.9740796634444359,-1.0350946238328893,-1.0990005149294075,-1.166011084657938,-1.2368876819941517,-1.3119123066636127,-1.3911281877564214,-1.4750000146931148,-1.5640972789551908,-1.659125966894668,-1.7609719596559166,-1.8707611353185352,-1.9899441353381924,-2.1204107641481595,-2.2653812624365353,-2.4378175367144834,-2.6296105117805597,-2.83484240898717,-3.045157778892719,-3.3210081494086374,-3.5756740011309236,-3.6071242341356697,-3.405043393787211,-3.1673813468158394,-2.9642625100942532,-2.798016311588447,-2.660733169758375,-2.5453143881611653,-2.446526695478651,-2.36060729760301,-2.284819808138907,-2.2171342933570988,-2.1560135833115397,-2.1002716320840773,-2.0489785339273716,-2.0013953696408326,-1.974179790254654,-1.9959269631086578,-2.010091669240948
8.43,-0.6712978726112394,-0.6437565196699337,-0.6177111408960597,-0.6014379946708978,-0.6434209512080137,-0.6872488716750667,-0.7329746532063868,-0.7806574555513354,-0.8303637157900282,-0.8821683897580239,-0.9361564592691629,-0.9924247774812263,-1.051084350647044,-1.112263155121165,-1.1766926374493094,-1.244316739787638,-1.3151294440884842,-1.3893875235689948,-1.4673959696818215,-1.5495199397435655,-1.6362003968389647,-1.7279740503544259,-1.8254998040538384,-1.9295937897127218,-2.0487347345181943,-2.182135791456259,-2.3284016303700765,-2.488890061207471,-2.663112362941251,-2.8444635801894695,-3.0106827250929866,-3.175456372115399,-3.420932325176909,-3.6148504974698388,-3.627210121114492,-3.468342785291082,-3.268122935726322,-3.086104798462887,-2.9312837439215325,-2.8001896576330725,-2.687955130731642,-2.5904839692196027,-2.5046304284115153,-2.428017647310027,-2.3588405110182653,-2.2957126654420166,-2.237556352328462,-2.1835243125154165,-2.1329442531978686,-2.0852788251797088
8.71,-0.6696952107571538,-0.6426976136228651,-0.6171510543013693,-0.6472367793002941,-0.6887544323483277,-0.7320230993173718,-0.7770810086851355,-0.8239703976744941,-0.8727381266904951,-0.9234364307242484,-0.9761238249223472,-1.0308662087595435,-1.0877382217238847,-1.1475160365455388,-1.2098254195040736,-1.2746879227452612,-1.3422450302134221,-1.4126602958571575,-1.4861241169243573,-1.5628594850714546,-1.6431290845770972,-1.7272441768470486,-1.8157511413136358,-1.9189393166655668,-2.0294215505044852,-2.1481419357651386,-2.2760827139790063,-2.414040549465203,-2.5620431520346765,-2.7179125142270264,-2.8741314921013053,-3.01272928300031,-3.1034954117985856,-3.2733060964455,-3.4752436248304095,-3.630047397205865,-3.6610363047848815,-3.560694626606731,-3.4031746472970434,-3.2430955555167458,-3.098296960434963,-2.971040494517911,-2.8593068901212693,-2.760406982143549,-2.671928974458028,-2.5919065794860576,-2.518782807615438,-2.451333491844328,-2.3885951271816754,-2.3298069328887845
9.0,-0.6598848909588279,-0.6341536071983646,-0.6722112618885433,-0.711898717391403,-0.7532374999268929,-0.7962507130941886,-0.8409632425976139,-0.8874019924432383,-0.9355961785818958,-0.9855776912574914,-1.0373815343110757,-1.0910759043409992,-1.147448238236758,-1.2058845993714478,-1.2664477342163916,-1.3292076047673196,-1.3942427244516655,-1.4616416099189529,-1.5315046629305908,-1.6039462114322207,-1.6790972641146815,-1.7595716471461857,-1.850599494317186,-1.9467232910185952,-2.048431257949079,-2.156230874013124,-2.2705854937673626,-2.3917638787306807,-2.519534900072946,-2.6525204202262826,-2.7869995053989105,-2.9150273977009555,-3.0227525419070234,-3.0923181919819362,-3.1591341917467775,-3.3225244600947534,-3.4836374778838195,-3.6169531253797267,-3.6820988356172153,-3.65491808686531,-3.5573515941604112,-3.429908383523558,-3.299009970425898,-3.1754591482561896,-3.0621241323965513,-2.958828379510299,-2.8644540574910273,-2.7777281440255925,-2.6974858167811813,-2.6227389788718973
9.29,-0.6835800961633179,-0.7202932887203486,-0.7585842064482972,-0.7984643397282009,-0.8399453278556063,-0.8830389281510641,-0.9277569946979027,-0.9741114674600653,-1.022114370974966,-1.0717778382062222,-1.1232797880940866,-1.1771436118188598,-1.2328157156090576,-1.2903165344768257,-1.349666761440461,-1.4108872851770287,-1.4739991832101125,-1.539023833279762,-1.6059828574606636,-1.6748982408487958,-1.750071157141622,-1.8330380377050468,-1.919737060422749,-2.010390705088954,-2.1052077490034637,-2.204353052467254,-2.3078771584096907,-2.415602348233986,-2.5269248899358567,-2.6404655406469515,-2.753553471659541,-2.8615678417215142,-2.9574562852809225,-3.032280565505474,-3.07777063795655,-3.0902604336155255,-3.1964967912765134,-3.3222633154107344,-3.4473925437785886,-3.5624028346224637,-3.6508212967539904,-3.6925857714354833,-3.6764527404249243,-3.6100662884439427,-3.5129605583172303,-3.4030581128427473,-3.291341752842565,-3.1831149010958413,-3.080438829777599,-2.9838039179751212
9.57,-0.7951702510754182,-0.8325108108887596,-0.8714127634763156,-0.911878619237291,-0.9539096193036459,-0.9975055057473374,-1.0426642524691854,-1.0893817899858422,-1.1376517029401274,-1.187760702383257,-1.2400200184169985,-1.2939077215646475,-1.349410612616709,-1.4065105893366718,-1.4651835131614643,-1.525398625018367,-1.58711743417136,-1.6502927382623085,-1.7148675465750822,-1.7863241642376593,-1.8639844075833403,-1.944440764946258,-2.027738208678179,-2.1138853625525766,-2.2028285526542626,-2.2944129405338276,-2.388314731565758,-2.483947934804476,-2.58034003691656,-2.6759372992438943,-2.7684255357893472,-2.8545798941720184,-2.9303376476644574,-2.9913033919464236,-3.0337494092367145,-3.0558226776551685,-3.058260019468148,-3.0984027096889033,-3.187520152234878,-3.279161282093869,-3.372451417822609,-3.465171232853053,-3.5527911228082854,-3.627443350211017,-3.6779585300925914,-3.692939664463016,-3.6668797624681377,-3.604114392652746,-3.5158672234419375,-3.41400172485133
9.86,-0.9402413737424664,-0.9787447338618598,-1.0188146971453673,-1.0604435905828977,-1.103620663694026,-1.1483316028329504,-1.1945579301785572,-1.2422763893644762,-1.2918448410406063,-1.3434903546915271,-1.3966431397182555,-1.451258917219833,-1.507282817396741,-1.5646486663559402,-1.6232767201550995,-1.6830722857544524,-1.7439241342341651,-1.8057027305486943,-1.8736653339321168,-1.9481149426969,-2.0246146390201853,-2.103060477922496,-2.1832914554290888,-2.265065641638525,-2.3480347014592633,-2.431697415678592,-2.5153475407003496,-2.5980301901994824,-2.678455239367202,-2.754991818920645,-2.825668241764554,-2.888267928467286,-2.9406118578913505,-2.9808860833981687,-3.008051445422412,-3.0220920433932674,-3.0240194038108137,-3.0156118873948006,-3.022840903924683,-3.0815774405086636,-3.142619571051608,-3.2064895328414567,-3.273581158031756,-3.3439860537294863,-3.4171803915888064,-3.4914866891160425,-3.563243689735152,-3.6258285715989462,-3.6693258321696303,-3.682524710934639
10.14,-1.1326137246887664,-1.173197895001851,-1.2153922839366278,-1.259176543424367,-1.3045245279479003,-1.3514033465721416,-1.399772298569183,-1.4499074829886747,-1.5023239521706975,-1.556185766116191,-1.611412429004208,-1.6679060704208977,-1.7255494902265838,-1.7842029153383498,-1.8437024438103642,-1.9038566964068107,-1.9644454251549384,-2.0256195577016753,-2.098534556569679,-2.1726993582866925,-2.2478323939354365,-2.323573956494838,-2.3994685325609875,-2.474948979718734,-2.5493144592459136,-2.6217112818974964,-2.69113178458208,-2.7564325347786505,-2.8163447987719383,-2.8695826215689912,-2.914938171977821,-2.9514173633025784,-2.978419118034422,-2.9957833903831763,-3.003884770433197,-3.0035195579542724,-2.995831627730374,-2.9821335261017903,-2.963784334809356,-2.9648070431434954,-2.999533138586314,-3.0366994682012955,-3.0769570233390997,-3.1209665568035034,-3.1693772805625953,-3.222781427229662,-3.281621044161735,-3.3460029603324117,-3.4153431723078027,-3.4877228805848133
10.43,-1.4001294766100136,-1.4447036589422042,-1.4910255194050832,-1.5390577159589809,-1.5887520015080574,-1.6400472073027865,-1.6928671782534035,-1.7482871110996066,-1.8055392196708313,-1.8641357002877588,-1.923909948339754,-1.984658972813527,-2.0461411379421124,-2.1080683515228094,-2.1701061190309803,-2.231870034243425,-2.2929273057329467,-2.3527989089556867,-2.4109698782558366,-2.4807188981334782,-2.5496756031912895,-2.616486703731851,-2.680424161410356,-2.7407453107237956,-2.7967101321136587,-2.8476346790682387,-2.8928982397823315,-2.9319462997783146,-2.964326961747873,-2.989738129869733,-3.007971145224704,-3.0190329319137583,-3.0230665984212632,-3.0204521075220163,-3.01173019050751,-2.997625393750395,-2.9789900991736933,-2.956738367450325,-2.931815845743828,-2.9072855590669686,-2.9206765104928905,-2.9367115317297507,-2.955904786005083,-2.9787764053588335,-3.0058592810128175,-3.0377043250825224,-3.074881958825891,-3.1179744213499263,-3.1675483639590194,-3.224087694884924
10.71,-1.8127500746585283,-1.8667230043137986,-1.9229441321828684,-1.9813592816101857,-2.0418907376160393,-2.1044304155234963,-2.168834063953938,-2.2349111239886095,-2.3031494543453577,-2.373767648869923,-2.4451170541832266,-2.5166434483354148,-2.587670583778043,-2.657410771590243,-2.724962400059274,-2.7893472863511857,-2.849553087051825,-2.904591296385668,-2.9535737556222834,-2.9957798807271385,-3.030714368506071,-3.0601650325103016,-3.0835773092143306,-3.0995583012623804,-3.108393249077427,-3.110594268340803,-3.1068566169976273,-3.0980065048722776,-3.0849478462110733,-3.068611873929104,-3.049916878468539,-3.0430664409194157,-3.038783924192471,-3.0289685097403494,-3.013615149491666,-2.993112467580045,-2.9681187549237937,-2.9395433945829548,-2.908390701172064,-2.896132087668893,-2.890287367544535,-2.8880517068809537,-2.889718164674439,-2.8955799856566355,-2.9059400736514824,-2.9211203239840944,-2.9414705326881116,-2.967376493895646,-2.99926594124683,-3.0376102277432446
11.0,-2.6589027311350275,-2.7534460376097933,-2.854539211787467,-2.962476621798735,-3.0773929332422743,-3.1991350197999835,-3.3270258343254073,-3.4594337924386425,-3.593215354403986,-3.7230977005185606,-3.8415274475419263,-3.939935197102097,-4.01192722300724,-4.056725783502002,-4.079613972660677,-4.088839819731901,-4.0919197426181295,-4.0936516868116914,-4.095714825138999,-4.096927299492249,-4.093707578760771,-4.0808804661135945,-4.053159112845474,-4.007168804721165,-3.9429813576066075,-3.8640365518022897,-3.7755816352405773,-3.6828834560380277,-3.590167735446659,-3.5003634499884373,-3.415290608405748,-3.335963554830216,-3.2628716533585376,-3.1961806432462145,-3.1358711778283093,-3.0818243538135626,-3.03387700020966,-2.991853083194325,-2.955584058837494,-2.924920259810305,-2.8997375695795045,-2.879942373222684,-2.86547383296672,-2.856306662902243,-2.85245349038589,-2.853967405353761,-2.8609451048327625,-2.8735307225348103,-2.891920215452591,-2.916365890868738
11.29,-2.8964126173628495,-2.8452555561608333,-2.8010156870397322,-2.7633315112919816,-2.7319093477835614,-2.706487320353637,-2.6868696416452713,-2.672906084380176,-2.664499955773956,-2.6616049195551748,-2.66422561977593,-2.672419385941611,-2.686299757055057,-2.706042113472152,-2.731891764780288,-2.764175262994228,-2.8033158556645192,-2.849854312680557,-2.9044762771414963,-2.968048026190554,-3.041661038507645,-3.1266824904136485,-3.224796185416545,-3.337980213892597,-3.4682480157074203,-3.6166175983372506,-3.779748706820155,-3.9407611375364104,-4.05439414451691,-4.060729124405453,-3.9581682527698328,-3.8059127525844496,-3.6504347266755817,-3.5094274112773274,-3.3865318012837258,-3.28081773655775,-3.190290987577375,-3.112974731407583,-3.0471847795996747,-2.9915564418384997,-2.94500592101022,-2.9066796545311413,-2.8759103937171964,-2.852182349763652,-2.835103925959192,-2.8243883309071305,-2.8198394556944963,-2.82134205896647,-2.828855518511518,-2.842410567227461
11.57,-1.9201923268428418,-1.8909457761221105,-1.893815059752864,-1.8997254413935538,-1.9077252939135894,-1.9179349447351453,-1.930477447020527,-1.9454812612316843,-1.963082930380452,-1.9834291208038806,-2.006679185178813,-2.0330083921978286,-2.0626116954666,-2.0957083012739273,-2.1325473666728785,-2.1734151128706314,-2.2186437587001615,-2.26862310848369,-2.323815606106465,-2.3847762364573883,-2.45217921502364,-2.526854186690569,-2.609836007963737,-2.7024335140083457,-2.8063242477496733,-2.923680623173536,-3.0573197721521295,-3.210803903798984,-3.388149635452633,-3.591714256429072,-3.812807326124284,-4.002148397155455,-4.050997452569459,-3.9300549390947883,-3.7447959682303282,-3.567344824275719,-3.41555300540999,-3.2891393108742153,-3.184307419913284,-3.0973496203100948,-3.025288189198647,-2.965844460250714,-2.9172919613251245,-2.8783212841472667,-2.8479371575883987,-2.8253834825654764,-2.810090126123817,-2.801635434105917,-2.799719812878635,-2.804147423990906
11.86,-1.564830122422479,-1.5429476343563648,-1.5295472040118336,-1.5174663271520412,-1.5067430186709478,-1.5136496603272176,-1.534618679186863,-1.5575129030830395,-1.5824477689021386,-1.6095470273525059,-1.638944383155627,-1.6707854430054156,-1.7052300673976077,-1.7424552687725714,-1.782658704975554,-1.826063083568263,-1.8729216151317103,-1.923524957039575,-1.978210060777328,-2.0373716741538397,-2.1014774352226784,-2.1710880012216363,-2.246884264787137,-2.3297047501016044,-2.4205978570632287,-2.5208957890832258,-2.632320250227965,-2.757133095028793,-2.898343246337033,-3.059949030795804,-3.2470207821491437,-3.4645907422341256,-3.710491625773243,-3.944612463747695,-4.03877665280559,-3.92139294387452,-3.7210275834400797,-3.5322799787827597,-3.3748819138079047,-3.2466725885711396,-3.14237837699355,-3.057401698181743,-2.988241834768961,-2.932305068376022,-2.8876682888217187,-2.852895646241713,-2.826907975626246,-2.8088922020442317,-2.798238684484628,-2.794497797691964
12.14,-1.4276085211627205,-1.4038549813007646,-1.3815566750406814,-1.3606911660695935,-1.3412375442525468,-1.3231140746729557,-1.3064301869027781,-1.2969904729818642,-1.3253393835984772,-1.3556091210655552,-1.3879108675091743,-1.4223655698117956,-1.4591056221387826,-1.498276883079371,-1.5400411616487226,-1.5845792427679175,-1.632094644864859,-1.6828183094399958,-1.7370145128635548,-1.794988405461602,-1.8570957247549942,-1.9237554852297174,-1.9954667932916152,-2.0728314261797802,-2.156584683672892,-2.2476382165929634,-2.347140490036015,-2.4565636079482114,-2.5778292061746972,-2.713490870539935,-2.8669884571178983,-3.0429447527452913,-3.2472145835641086,-3.485056356487194,-3.749404659032522,-3.9734908205613846,-4.000041147086671,-3.831517898977827,-3.625007016807841,-3.445641272048757,-3.3001058524297306,-3.183176535982775,-3.0891112751824554,-3.0134107411865663,-2.9527595932461104,-2.904730233737299,-2.867531070360844,-2.839826696444599,-2.8206145878473943,-2.809140656863232
12.43,-1.2730875061133067,-1.2491979129844484,-1.226202948911065,-1.204121579393458,-1.1829686412393468,-1.1627866758650163,-1.143514882883752,-1.1345273555701754,-1.135575866587919,-1.167698960995282,-1.2017032256664044,-1.2376917932850375,-1.2757773480956713,-1.3160836779796161,-1.3587475249140755,-1.4039208541583204,-1.4517736317357066,-1.5024972403758425,-1.5563087473538852,-1.6134562579887766,-1.6742257222569095,-1.7389496696995534,-1.8080185679076979,-1.8818957891491743,-1.9611375929921404,-2.0464203030926877,-2.1385777557951657,-2.2386538902974142,-2.347977812060403,-2.4682725460988,-2.6018133278830424,-2.751654680305472,-2.921927512521221,-3.118081547125973,-3.3462676473200204,-3.607629692592697,-3.869391989214834,-3.999362288846244,-3.8946280708331056,-3.691820513455797,-3.501678753333617,-3.345913165953119,-3.221417503036511,-3.122102959148862,-3.042875231860464,-2.979939583476893,-2.9305226182264645,-2.8925864049262415,-2.864617733888678,-2.845482048560292
12.71,-1.2374812069758288,-1.2108139708938264,-1.1856006155289913,-1.1617902546775674,-1.1393363608388485,-1.1182311444760396,-1.0983615919732534,-1.0797286541481297,-1.0623010040613767,-1.0460482345113908,-1.057847695938496,-1.0948730579275394,-1.133870299787034,-1.1749469229945568,-1.2182212991042287,-1.2638244326970738,-1.311902112907261,-1.3626175344197198,-1.4161545319850084,-1.4727215910685558,-1.5325568832468628,-1.5959346323261718,-1.6631732764814644,-1.734646024344425,-1.8107947188723457,-1.8921482788531339,-1.979347580381751,-2.0731796320169322,-2.17462521759995,-2.284926356841453,-2.4056833558715773,-2.5389950014244076,-2.6876585515595846,-2.855433952707642,-3.047285830844654,-3.2690404925871426,-3.5235558505869924,-3.790539716426922,-3.967598546270349,-3.9202070226559234,-3.735474128544726,-3.545319203163294,-3.3864588422318493,-3.2593506344732983,-3.158399408520416,-3.078389796425412,-3.0153292037305146,-2.9662744017901463,-2.9290568137628887,-2.902063750273697
13.0,-1.1179430893461284,-1.0968605530897069,-1.0768755020767031,-1.057976358618817,-1.0401503623015076,-1.0233841219376054,-1.007693696705367,-0.9930020267561431,-0.9793275403553326,-0.9666570638102839,-0.9549774950214079,-0.9824303404463363,-1.0221228802746323,-1.0637936602984097,-1.107547014579136,-1.1534980088893974,-1.2017741581317547,-1.252517501001643,-1.3058871365220273,-1.3620623411322,-1.4212464318546472,-1.4836715971341699,-1.5496050030672235,-1.619356582217309,-1.693289089001175,-1.7718312494782724,-1.8554951866657015,-1.944899818768602,-2.0408027404314106,-2.144144450599747,-2.256110321646458,-2.3782186655804707,-2.512446050247125,-2.6614017652097486,-2.828549060288641,-3.0183824903671077,-3.236048669969804,-3.4839634015760086,-3.7452238861164373,-3.934899570035389,-3.923260900791173,-3.7618648360146336,-3.580327227643907,-3.4247930043737083,-3.2995757838189435,-3.200235052660603,-3.121879163027936,-3.0605905640746274,-3.0134255894024706,-2.9781931315016488
13.29,-1.0697792093253504,-1.0476941566528635,-1.026273879957372,-1.0055379636856598,-0.9855020004205016,-0.9661782672452084,-0.9475716543253162,-0.9297042379207224,-0.9125710505980548,-0.8961755239628078,-0.8805198071383961,-0.8936551724478119,-0.933935238128436,-0.9761186444089452,-1.0202986628816142,-1.0665778295869748,-1.1150693477087263,-1.1658987693587604,-1.2192060342446438,-1.2751479488630353,-1.3339012310293288,-1.3956662777183486,-1.4606718629988342,-1.5291810645146877,-1.6014988002550155,-1.6779815354542789,-1.7590499134324302,-1.8452054030961595,-1.9370525759018726,-2.035329189182718,-2.1409474993398008,-2.255051527485497,-2.3790968386943856,-2.5149611484466967,-2.6650911244306448,-2.83266947206825,-3.0216850931621364,-3.236353515118444,-3.4775407352026626,-3.727541904529314,-3.910779824057873,-3.91581854241902,-3.777793167120092,-3.611076502912882,-3.4642425945639252,-3.3448318356416897,-3.249953834846583,-3.1753985546608288,-3.1175588130376743,-3.0736390050697238
13.57,-1.0866601615474338,-1.059694902328931,-1.0340028992550578,-1.009537627180073,-0.9862557904024065,-0.9641173885623372,-0.9430740689431777,-0.9231196170442625,-0.9042057331779334,-0.8863027828492404,-0.8693834099092284,-0.8534222734752066,-0.8651759011276018,-0.9078447878800825,-0.9524451426152545,-0.9990694086081506,-1.04781928798338,-1.098807129286213,-1.152157587800564,-1.208009637028392,-1.2665190100291635,-1.3278611903359268,-1.3922351068850476,-1.4598677282731118,-1.531019845429912,-1.6059933913818163,-1.685140845914304,-1.7688774045333766,-1.8576969007263193,-1.952192971535831,-2.053087357441208,-2.1612681482416343,-2.277841890741339,-2.404203964105735,-2.5421315663031323,-2.6938957596827096,-2.8623567029140213,-3.0508794960585712,-3.2624288163600887,-3.4954698076525257,-3.7294419004898587,-3.895260439418407,-3.9052132850593724,-3.7893793252151324,-3.6418084810821987,-3.508038189876792,-3.3978028180258306,-3.309911890833537,-3.241090076131181,-3.18822785015608
13.86,-1.0402734463575434,-1.014194058521771,-0.9894336945758914,-0.9659388064693738,-0.9436600341146167,-0.9225514792723164,-0.902555697898245,-0.8836700237166599,-0.8658390271279518,-0.8490294689996769,-0.8332108576252255,-0.8183549091133113,-0.8131631142928887,-0.8563259744726042,-0.9013711084491531,-0.9483826880888735,-0.9974530019302277,-1.0486836077811887,-1.1021867063949315,-1.1580867855293575,-1.2165226031869183,-1.2776495904826592,-1.3416427907517017,-1.4087004751222578,-1.4790486284128506,-1.5529465668234232,-1.6306940223169855,-1.7126401677895888,-1.799195245366323,-1.890845625446819,-1.9881735292223721,-2.0918830670881055,-2.2028345152686186,-2.32208955971881,-2.451006127363439,-2.5911218590337532,-2.7445895905473443,-2.913802578860456,-3.101286465744932,-3.3083301861662524,-3.5302853327360735,-3.7432244596622533,-3.8856630364027636,-3.895507429387058,-3.8013489652716475,-3.676062602262399,-3.558955100873141,-3.4608858553655244,-3.382320218284213,-3.321069671530927
14.14,-0.9483380752102978,-0.9271998446201528,-0.9070193904012366,-0.8877830775031211,-0.8694762693058791,-0.852083517652192,-0.8355718689493025,-0.8199633227893708,-0.8052223575683926,-0.791333388264657,-0.778281084365208,-0.7660506129755504,-0.7761444207913725,-0.819836645732692,-0.8653750312421575,-0.9128369002712694,-0.9623067430055057,-1.013877182342827,-1.0676501136566992,-1.1237380603112683,-1.1822657903690186,-1.2433722615167753,-1.3072129697629633,-1.3739628100412016,-1.4438195784025383,-1.517008294659073,-1.5937865806471894,-1.674451391937759,-1.7593474957426776,-1.848878272185296,-1.943519490421551,-2.0445779530221118,-2.1538625943704366,-2.270376033729288,-2.3947881390839036,-2.5276526579461245,-2.6691363872229443,-2.818403804581047,-2.9839412225827435,-3.1688294037412548,-3.3685852740193973,-3.575080091216519,-3.762209079169422,-3.879434104285563,-3.8888783758054277,-3.816739254370726,-3.7161626018424845,-3.6188439381677435,-3.53577752159004,-3.468873300567715
14.43,-0.8949910635284114,-0.8782513132072326,-0.8617137358269258,-0.8454175944814135,-0.8293977867995288,-0.8136852867180215,-0.7983020638143687,-0.7832792740391904,-0.7686369767416935,-0.7543936860680331,-0.7405657919455936,-0.727167553147621,-0.7530152704629988,-0.7972958459255606,-0.8433979612352059,-0.8913932507420586,-0.941359713570805,-0.9933825238799846,-1.0475549773379123,-1.1039796077022388,-1.1627695058885008,-1.2240498897617333,-1.2879599795091041,-1.354655251286805,-1.424310162242484,-1.4971214603862812,-1.5733122329681948,-1.6531368710875833,-1.7368872169110834,-1.8250556128703017,-1.9202713590596743,-2.0209189083316312,-2.127490504268429,-2.240499551728835,-2.360437536704954,-2.4876758949221083,-2.62224406099527,-2.763419703604729,-2.908907295723968,-3.0698120033750147,-3.2493121485347833,-3.437534843510057,-3.6232882542585276,-3.7812090501699367,-3.8749171655327905,-3.8861144311111415,-3.836573303127906,-3.7625148198333442,-3.6877797335719027,-3.622551714835721
14.71,-0.9513653661625707,-0.928407324459761,-0.9061763809602037,-0.8846782611816888,-0.8639148527286316,-0.8438850904356613,-0.8245840882424653,-0.8060054202231718,-0.78814553009261,-0.7709968871262279,-0.7545512745972447,-0.7387999013107515,-0.7431655192957536,-0.7881173352303191,-0.8348769174939229,-0.8835112109017342,-0.9340928388090727,-0.9867007783993326,-1.0414211431486438,-1.0983480968095303,-1.1575849191944416,-1.2192452634266244,-1.283454629635845,-1.3503521177650564,-1.4200925070773232,-1.4928487359600862,-1.5688148726615656,-1.6482096727674667,-1.7326308708421867,-1.8222211662598629,-1.9164440356353083,-2.015662178406653,-2.120255263573633,-2.2305982160470106,-2.3470115539055705,-2.469667018520448,-2.598409666808509,-2.732416682813182,-2.8696404185544506,-3.005934815896619,-3.1680003195931623,-3.3378868066273997,-3.5091081243966724,-3.669027987963877,-3.7968191058325096,-3.871016986995838,-3.88641477649363,-3.8592755036196915,-3.8124557105803114,-3.762416500585804
15.0,-0.9723798385806137,-0.9453366420768912,-0.9194961055551382,-0.8948129349760668,-0.8712438120588895,-0.8487475556399156,-0.8272883655452398,-0.8068191797523269,-0.7873126073085743,-0.7687363495198356,-0.7510599133388648,-0.7342543985415579,-0.7464031954674294,-0.7921364553247054,-0.8396747510043756,-0.8890812596458033,-0.9404242434611719,-0.993777606891584,-1.0492215360802843,-1.1068432321609778,-1.166737757099193,-1.2290090107104814,-1.2937708612773802,-1.3611484563515,-1.4312797444737904,-1.5043172405595262,-1.5804515238605545,-1.6620269622838821,-1.7474110408849555,-1.8368589103484607,-1.930642002097876,-2.0290407717092678,-2.13232931725619,-2.240745821446578,-2.3544394014952306,-2.473374847198676,-2.5971619010723495,-2.7247837837627316,-2.854168209690319,-2.981597615362769,-3.1203921791997327,-3.2741203845321616,-3.428789845917083,-3.5771326216187456,-3.7077444866325946,-3.8071720645440235,-3.8663413395393706,-3.8868924235503504,-3.8799034173561067,-3.8586545883449936
